<?xml version="1.0" encoding="UTF-8"?>
<!DOCTYPE fontscolors PUBLIC "-//NetBeans//DTD Editor Fonts and Colors settings 1.1//EN" "http://www.netbeans.org/dtds/EditorFontsColors-1_1.dtd">
<fontscolors>
    <fontcolor name="mod-constructor">
        <font style="bold"/>
    </fontcolor>
    <fontcolor default="number" name="hashes"/>
    <fontcolor default="default" name="others"/>
    <fontcolor foreColor="ffafddc6" name="mod-method">
        <font style="bold"/>
    </fontcolor>
    <fontcolor default="string" name="uris"/>
    <fontcolor default="keyword" name="keywords"/>
    <fontcolor default="identifier" foreColor="ffa4d9a4" name="identifiers"/>
    <fontcolor default="separator" foreColor="ffff9999" name="braces"/>
    <fontcolor default="separator" name="separators"/>
    <fontcolor default="string" name="strings"/>
    <fontcolor default="default" name="whitespaces"/>
    <fontcolor name="mod-class">
        <font style="italic"/>
    </fontcolor>
    <fontcolor default="separator" foreColor="red" name="brace"/>
    <fontcolor default="number" name="numbers"/>
    <fontcolor foreColor="ff7daede" name="mod-custom1"/>
    <fontcolor default="operator" name="operators"/>
    <fontcolor name="mod-custom2">
        <font style="italic"/>
    </fontcolor>
    <fontcolor default="identifier" foreColor="ffccffcc" name="identifier"/>
    <fontcolor default="comment" name="comments"/>
    <fontcolor default="separator" name="separator"/>
</fontscolors>
