<?xml version="1.0" encoding="UTF-8"?>
<!DOCTYPE fontscolors PUBLIC "-//NetBeans//DTD Editor Fonts and Colors settings 1.1//EN" "http://www.netbeans.org/dtds/EditorFontsColors-1_1.dtd">
<fontscolors>
    <fontcolor bgColor="ff181e20" foreColor="ffdddddd" name="default">
        <font name="Consolas" size="12"/>
    </fontcolor>
    <fontcolor foreColor="ffabddab" name="string"/>
    <fontcolor foreColor="ff009999" name="keyword"/>
    <fontcolor foreColor="red" name="whitespace"/>
    <fontcolor foreColor="orange" name="number"/>
    <fontcolor foreColor="ff9d8395" name="comment">
        <font style="italic"/>
    </fontcolor>
    <fontcolor name="warning" waveUnderlined="yellow"/>
    <fontcolor name="url" underline="blue"/>
    <fontcolor name="separator"/>
    <fontcolor foreColor="ff00cccc" name="operator"/>
</fontscolors>
